{
  "RTJ_01": 0.20960652460199908,
  "RTJ_02": 0.24844480486649173,
  "RTJ_03": 0.4262266150341372,
  "RTJ_04": 0.14688516594249115,
  "RTJ_05": 0.17561686688407552,
  "RTJ_06": 0.13683653188743702,
  "RTJ_07": 0.23548266884357968,
  "RTJ_08": 0.14692350862265982,
  "RTJ_09": 0.17988001252055888,
  "RTJ_10": 0.28358612982168924,
  "RTJ_11": 0.19964878875186226,
  "RTJ_12": 0.32900762731935473,
  "RTJ_13": 0.2578588053444864,
  "RTJ_14": 0.23045824271043605,
  "RTJ_15": 0.15164397867950946,
  "KL_01": 0.04263247356836728,
  "KL_02": 0.06294139932498112,
  "KL_03": 0.2051832506333924,
  "KL_04": 0.001959380395716932,
  "KL_05": 0.0902424877978881,
  "KL_06": 0.18657353332815843,
  "KL_07": 0.1905441072067892,
  "KL_08": 0.05498391835445398,
  "KL_09": 0.13204494305335807,
  "KL_10": 0.16149873893952413,
  "KL_11": 0.08201180898424974,
  "KL_12": 0.09124059092559707,
  "KL_13": 0.09842242902226281,
  "KL_14": 0.06383967305306834,
  "KL_15": 0.028395098656660834,
  "JC_01": 0.07084392751462494,
  "JC_02": 0.09068408055325475,
  "JC_03": 0.1135625320454465,
  "JC_04": 0.10462639728159052,
  "JC_05": 0.207356373770203,
  "JC_06": 0.14959491755002713,
  "JC_07": 0.17350624921395522,
  "JC_08": 0.1905235777162411,
  "JC_09": 0.11887870442195013,
  "JC_10": 0.2823707636593019,
  "JC_11": -0.006001550337817201,
  "JC_12": 0.026088378140298154,
  "JC_13": 0.20960838333716017,
  "JC_14": 0.1261650385166021,
  "JC_15": 0.10411794439612375,
  "GD_01": 0.01909544946388623,
  "GD_02": -0.00047165391175295736,
  "GD_03": -0.006721890405941189,
  "GD_04": 0.08730479697767453,
  "GD_05": -0.02273238030344764,
  "GD_06": -0.03644453565674301,
  "GD_07": 0.0634043758284091,
  "GD_08": 0.055139463074434125,
  "GD_09": 0.14089941968158454,
  "GD_10": 0.06952680575008545,
  "GD_11": 0.001083445225559332,
  "GD_12": 0.1026875081933881,
  "GD_13": 0.11708189818295896,
  "GD_14": -0.09111046487008707,
  "GD_15": 0.1415890402663143,
  "BD_01": 0.053356167658547615,
  "BD_02": 0.1655692082205442,
  "BD_03": 0.16361247755448577,
  "BD_04": 0.07982958216856324,
  "BD_05": -0.08297903828645455,
  "BD_06": 0.019697755755398037,
  "BD_07": 0.1219146549323976,
  "BD_08": 0.05581087728425349,
  "BD_09": -0.0857154407826823,
  "BD_10": -0.053956812795297134,
  "BD_11": 0.021913823853477333,
  "BD_12": -0.01398958598520526,
  "BD_13": 0.05965963148644213,
  "BD_14": 0.010230760807416282,
  "BD_15": -0.1341752284340714,
  "TC_01": 0.11893242628669241,
  "TC_02": -0.13707200873702655,
  "TC_03": 0.11462716081211523,
  "TC_04": -0.015618911271842431,
  "TC_05": 0.23104688562437475,
  "TC_06": 0.07893249133443911,
  "TC_07": 0.048183521064633174,
  "TC_08": 0.26933392740016543,
  "TC_09": -0.10303472179140315,
  "TC_10": -0.05995356413826868,
  "TC_11": 0.06520573745235397,
  "TC_12": 0.011123244715918525,
  "TC_13": 0.1349335194086939,
  "TC_14": 0.10547538469739456,
  "TC_15": 0.04603032158690234,
  "TS_01": 0.21480323921291508,
  "TS_02": 0.2550408066989845,
  "TS_03": 0.17928206600887175,
  "TS_04": 0.2031279612617578,
  "TS_05": 0.04932027970217579,
  "TS_06": 0.04759738773281027,
  "TS_07": 0.1466532754494237,
  "TS_08": 0.08621720684576217,
  "TS_09": 0.21494378909062142,
  "TS_10": 0.006021860733589102,
  "TS_11": 0.038636958504508295,
  "TS_12": 0.057281616478495466,
  "TS_13": 0.15879068612876351,
  "TS_14": 0.05770895133504487,
  "TS_15": 0.19159109515117728,
  "TW_01": -0.00634459417988592,
  "TW_02": 0.10786123216095285,
  "TW_03": 0.03236314933925412,
  "TW_04": 0.15336418517711337,
  "TW_05": 0.2647997070862764,
  "TW_06": 0.09948348696313465,
  "TW_07": 0.042057510226696036,
  "TW_08": 0.08206145089102147,
  "TW_09": -0.08466240076970319,
  "TW_10": 0.052683413448590004,
  "TW_11": 0.1361273554862844,
  "TW_12": 0.04061759882689174,
  "TW_14": 0.1971205890213339,
  "TW_15": 0.050944770252420106,
  "DL_01": 0.22348973417148965,
  "DL_02": 0.13030106396134228,
  "DL_03": 0.21962644507531467,
  "DL_04": 0.08802243189350041,
  "DL_05": -0.05120173608946467,
  "DL_06": -0.007627480075024601,
  "DL_07": -0.05030443890391106,
  "DL_08": 0.15945328716772178,
  "DL_09": 0.18797712098981376,
  "DL_10": 0.21645014914144478,
  "DL_11": 0.08495814473882761,
  "DL_12": 0.07112166586750227,
  "DL_13": 0.09971179686354971,
  "DL_14": 0.04244036422777008,
  "DL_15": 0.1457905202963644,
  "DP_01": 0.03674425561157439,
  "DP_02": 0.09660706634223559,
  "DP_03": 0.09744861406609356,
  "DP_05": 0.18997067589791977,
  "DP_06": 0.19659580159078693,
  "DP_07": -0.15185180144334431,
  "DP_08": -0.08465460788256896,
  "DP_09": -0.12653202990192047,
  "DP_10": 0.023228889575517407,
  "DP_11": 0.022296366448750996,
  "DP_12": 0.006829893895008233,
  "DP_13": 0.22996783280241825,
  "DP_14": 0.08941375709980877,
  "DP_15": 0.14309302228067328,
  "DS_01": 0.0899788667600403,
  "DS_02": 0.080668948452148,
  "DS_03": 0.10306937964300508,
  "DS_04": -0.03870047965416667,
  "DS_05": 0.1093212792801826,
  "DS_06": 0.09512419357498267,
  "DS_07": 0.05972472724887763,
  "DS_08": 0.05026551592681237,
  "DS_09": -0.021933355869968856,
  "DS_11": -0.012879762234192897,
  "DS_12": -0.16927479784598737,
  "DS_13": 0.08551293597500456,
  "DS_14": 0.22990078888341126,
  "DS_15": 0.08858235408475379,
  "CB_01": -0.011057710871155969,
  "CB_02": 0.19781695165217705,
  "CB_03": 0.07058368921609022,
  "CB_04": 0.07097564172444715,
  "CB_05": 0.09606502535273484,
  "CB_07": 0.12416590351579122,
  "CB_08": -0.018425743297831643,
  "CB_09": -0.03946126415959708,
  "CB_10": 0.15957412597912216,
  "CB_11": -0.03066853656343385,
  "CB_12": -0.15996840296726542,
  "DR_01": 0.10068380287116598,
  "DR_02": 0.06909654743100604,
  "DR_03": 0.09094958131139164,
  "DR_04": 0.09661207777021671,
  "DR_05": 0.15056010454126467,
  "DR_06": -0.006028175118998235,
  "DR_07": 0.010950206687194713,
  "DR_08": 0.10472640249317988,
  "DR_09": 0.21274523998081887,
  "DR_10": 0.06502986320997217,
  "DR_11": 0.07578776289649992,
  "DR_12": 0.021168314629189115,
  "EM_01": 0.04265008388128288,
  "EM_02": 0.08735196815898369,
  "EM_03": 0.1484229834570634,
  "EM_04": 0.13955395998701178,
  "EM_05": 0.028299419114654025,
  "EM_06": 0.11658502170233394,
  "EM_07": 0.18630368297545247,
  "EM_08": 0.07188841292197569,
  "EM_09": 0.05725710851404433,
  "EM_10": 0.026550721723838183,
  "EM_11": -0.08305746977355861,
  "EM_12": 0.07876607095716796,
  "TC2_01": 0.08053962122534636,
  "TC2_02": 0.03102590855283746,
  "TC2_03": -0.12429558525801582,
  "TC2_04": -0.05083877003995122,
  "TC2_05": 0.01739374530130704,
  "TC2_06": -0.020160142702291925,
  "TC2_07": 0.20021787599327867,
  "TC2_08": 0.12594291557056653,
  "TC2_09": 0.16258677399721339,
  "TC2_10": 0.07278017143900542,
  "TC2_11": 0.09537858926649076,
  "TC2_12": -0.04247253875586122,
  "MM_01": 0.13350950757403285,
  "MM_02": 0.05130344266475268,
  "MM_03": 0.03471175630778811,
  "MM_04": 0.014341098137113789,
  "MM_05": 0.10201684934142664,
  "MM_06": 0.1825511851937052,
  "MM_07": -0.029350763583455647,
  "MM_08": 0.007300218148004537,
  "MM_09": -0.012446922179323142,
  "MM_10": -0.07012730871112682,
  "MM_11": 0.023136571320856787,
  "MM_12": 0.07134155959355686,
  "CH_01": 0.021430710842221642,
  "CH_02": 0.32760537976944937,
  "CH_03": 0.09562717507198569,
  "CH_04": 0.17459147180719467,
  "CH_05": 0.09881716805381277,
  "CH_06": 0.15181273634528317,
  "CH_07": 0.28145133943650175,
  "CH_08": 0.2211073474445056,
  "CH_09": 0.23260943849266838,
  "CH_10": 0.15695366096198035,
  "CH_11": 0.15030482090518052,
  "CH_12": 0.2126540150000231,
  "NS_01": 0.21597305671071393,
  "NS_02": 0.18867272924909217,
  "NS_03": 0.20111060332443734,
  "NS_04": 0.10755749387321295,
  "NS_05": 0.21770445108734693,
  "NS_06": 0.14560233546211512,
  "NS_07": 0.2292237492968048,
  "NS_08": 0.20321529144485234,
  "NS_09": 0.19372965103291992,
  "NS_10": 0.22090459688693725,
  "NS_11": 0.0657045471355675,
  "NS_12": 0.037098821886022995,
  "CG_01": 0.02432773833352458,
  "CG_02": 0.17595076000804316,