{
  "RTJ_01": -0.11402296518500903,
  "RTJ_02": -0.0465074251903583,
  "RTJ_03": -0.019561576653450003,
  "RTJ_04": -0.040883682058967176,
  "RTJ_05": -0.09021397185922722,
  "RTJ_06": -0.04445128561596017,
  "RTJ_07": -0.029965997046723668,
  "RTJ_08": -0.006812854343058346,
  "RTJ_09": -0.05215966787437626,
  "RTJ_10": -0.06244345162073717,
  "RTJ_11": -0.0674668823125539,
  "RTJ_12": -0.032398486179034645,
  "RTJ_13": -0.021820486139961223,
  "RTJ_14": -0.09936340191986359,
  "RTJ_15": -0.021938147169175495,
  "KL_01": -0.04561461796284253,
  "KL_02": -0.0480350784865859,
  "KL_03": -0.04005628350663249,
  "KL_04": -0.06849605856927993,
  "KL_05": -0.03231219280372628,
  "KL_06": -0.05022232252662504,
  "KL_07": 0.0030444926312168346,
  "KL_08": -0.051410471814933745,
  "KL_09": -0.02840449030615717,
  "KL_10": -0.0021544840202216016,
  "KL_11": -0.08493886892132758,
  "KL_12": -0.03818315305830779,
  "KL_13": -0.02827157682941117,
  "KL_14": 0.0026772601902417957,
  "KL_15": -0.06449664549735173,
  "JC_01": -0.0568602545552749,
  "JC_02": -0.006157813808788218,
  "JC_03": -0.06273997548734457,
  "JC_04": 0.005070834769786892,
  "JC_05": -0.030562641609559942,
  "JC_06": -0.0007617137765369167,
  "JC_07": -0.03607117921711265,
  "JC_08": -0.007004047724360419,
  "JC_09": -0.02618256762994396,
  "JC_10": -0.04606044237045441,
  "JC_11": -0.013428473115750295,
  "JC_12": -0.07779726563529135,
  "JC_13": -0.045109726329043705,
  "JC_14": -0.04041456878647392,
  "JC_15": -0.026407362903351914,
  "GD_01": -0.11895071150360624,
  "GD_02": -0.002848105391939299,
  "GD_03": -0.06268528818061951,
  "GD_04": -0.050276047432349445,
  "GD_05": -0.07321693378716533,
  "GD_06": -0.05731023259853548,
  "GD_07": -0.03088741587052729,
  "GD_08": -0.014598115309894556,
  "GD_09": -0.04692177415100261,
  "GD_10": -0.040392957373806646,
  "GD_11": -0.03725235736266799,
  "GD_12": -0.049406059060403816,
  "GD_13": -0.06897003681787299,
  "GD_14": -0.05115007975656279,
  "GD_15": -0.052438753629257526,
  "BD_01": 0.005332356493063573,
  "BD_02": -0.043749956260570155,
  "BD_03": -0.03840910766348636,
  "BD_04": -0.0642214106826582,
  "BD_05": -0.021514003486015003,
  "BD_06": 0.016238385859496753,
  "BD_07": -0.07185099614343421,
  "BD_08": 0.009380503254180633,
  "BD_09": 0.003196520470006617,
  "BD_10": -0.005521718476857039,
  "BD_11": -0.022500260654036965,
  "BD_12": -0.08731036515292082,
  "BD_13": 0.050510053935320064,
  "BD_14": -0.01561090552360897,
  "BD_15": -0.03882191532696794,
  "TC_01": -0.06501038298654445,
  "TC_02": -0.03680850953897761,
  "TC_03": -0.05213293253124839,
  "TC_04": -0.03482568645235782,
  "TC_05": 0.011064413731836677,
  "TC_06": -0.02811545463271483,
  "TC_07": -0.05473512254308399,
  "TC_08": -0.06965323369111247,
  "TC_09": -0.07130960400769744,
  "TC_10": -0.03936793464452514,
  "TC_11": -0.030490771243043602,
  "TC_12": -0.030177981018626673,
  "TC_13": -0.002137649009973547,
  "TC_14": -0.01304301824998942,
  "TC_15": -0.03441229753922482,
  "TS_01": -0.04692852966042182,
  "TS_02": -0.02185796694211468,
  "TS_03": 0.009844164374017757,
  "TS_04": -0.021000593737679256,
  "TS_05": -0.01933009578309292,
  "TS_06": 0.04665221908362918,
  "TS_07": -0.027001547334629367,
  "TS_08": -0.03130568588627911,
  "TS_09": -0.01106979328298392,
  "TS_10": 0.001995388185722344,
  "TS_11": -0.039235963847426884,
  "TS_12": -0.02540793524005987,
  "TS_13": -0.09042755322439584,
  "TS_14": -0.021493909534971517,
  "TS_15": -0.013463564211486711,
  "TW_01": -0.03546429444586079,
  "TW_02": -0.08167664542271875,
  "TW_03": -0.06753997252040363,
  "TW_04": -0.055312175579482835,
  "TW_05": -0.007670682570928403,
  "TW_06": -0.007949162333500138,
  "TW_07": -0.01006324854190775,
  "TW_08": 0.017365885436075163,
  "TW_09": -0.016985913448735703,
  "TW_10": -0.007617571598917263,
  "TW_11": -0.017145230427274914,
  "TW_12": -0.011091994880043185,
  "TW_14": -0.051924259840479305,
  "TW_15": -0.020125215134978263,
  "DL_01": 0.003822645862704958,
  "DL_02": -0.044114805125364996,
  "DL_03": -0.018500410591196014,
  "DL_04": -0.06369043554949891,
  "DL_05": -0.05303776351431066,
  "DL_06": -0.021935476387331773,
  "DL_07": -0.04888501242298449,
  "DL_08": -0.032371730462431414,
  "DL_09": -0.01674507169892087,
  "DL_10": -0.028715771015326953,
  "DL_11": -0.04324911085367795,
  "DL_12": 0.004381883526416556,
  "DL_13": -0.021472079447986233,
  "DL_14": 0.005084056194232003,
  "DL_15": -0.033111491074686174,
  "DP_01": -0.009319397570933481,
  "DP_02": 0.012953245165202788,
  "DP_03": -0.006154958860463375,
  "DP_05": -0.01759561867490138,
  "DP_06": -0.032739180141942846,
  "DP_07": 0.012679601660223671,
  "DP_08": -0.015768608135682784,
  "DP_09": -0.04504748319373896,
  "DP_10": -0.029840879894496422,
  "DP_11": 0.00821941096133975,
  "DP_12": 0.032259073081553014,
  "DP_13": -0.02151905708209516,
  "DP_14": -0.0021836160856939166,
  "DP_15": -0.034780996694929095,
  "DS_01": -0.009608344481178227,
  "DS_02": -0.0278209132080315,
  "DS_03": -0.07193550369555629,
  "DS_04": -0.031131720577089322,
  "DS_05": 0.038370274082045755,
  "DS_06": 0.036710965417233524,
  "DS_07": -0.050812644385801256,
  "DS_08": -0.02334538794009565,
  "DS_09": -0.06555513661473888,
  "DS_11": 0.01782367274172882,
  "DS_12": 0.010502288107532589,
  "DS_13": 0.027738810738688634,
  "DS_14": -0.05289943282332503,
  "DS_15": 0.007638867372283989,
  "CB_01": -0.07085187364436216,
  "CB_02": -0.08034931231126106,
  "CB_03": -0.03878549811190518,
  "CB_04": 0.0369611376579423,
  "CB_05": -0.024719430897403742,
  "CB_07": -0.049101168009624746,
  "CB_08": 0.01453125410673349,
  "CB_09": -0.036842701664437434,
  "CB_10": 0.015419010010967248,
  "CB_11": -0.028962676477440417,
  "CB_12": 0.03541073967432702,
  "DR_01": -0.06512068986505815,
  "DR_02": -0.006147632187592879,
  "DR_03": -0.034932474672153865,
  "DR_04": 0.002907082008923695,
  "DR_05": 0.01673855006314798,
  "DR_06": -0.043178579866063355,
  "DR_07": -0.05263660553448488,
  "DR_08": 0.00636410751326593,
  "DR_09": -0.0035477064533651933,
  "DR_10": 0.0020303394955890268,
  "DR_11": 0.07851946083424885,
  "DR_12": -0.007344621648581296,
  "EM_01": -0.04544993669138587,
  "EM_02": -0.02206487105430397,
  "EM_03": -0.020187941756622575,
  "EM_04": -0.03133778732216885,
  "EM_05": -0.058656090363443096,
  "EM_06": -0.03774212158527496,
  "EM_07": -0.026057184904642917,
  "EM_08": -0.09811957529472007,
  "EM_09": -0.07813419572104578,
  "EM_10": -0.015223025967175218,
  "EM_11": -0.04251929968410672,
  "EM_12": -0.018545464567863032,
  "TC2_01": -0.06156505303606813,
  "TC2_02": -0.021965911100721592,
  "TC2_03": -0.04440611348375726,
  "TC2_04": -0.03830733320660255,
  "TC2_05": 0.024238022298721858,
  "TC2_06": -0.069623872579827,
  "TC2_07": -0.04022372714372547,
  "TC2_08": -0.04270924396155444,
  "TC2_09": -0.02643941651713974,
  "TC2_10": -0.05145688064704167,
  "TC2_11": -0.01095101491902994,
  "TC2_12": -0.03439838618297272,
  "MM_01": -0.023606319965680012,
  "MM_02": -0.03108056431377502,
  "MM_03": -0.0064949320133586355,
  "MM_04": 0.018587235834320828,
  "MM_05": -0.008414780653716994,
  "MM_06": -0.049923314209066504,
  "MM_07": -0.02584090816206588,
  "MM_08": 0.02236808669031108,
  "MM_09": -0.011688660105912279,
  "MM_10": -0.01837461686940711,
  "MM_11": -0.030158067870092578,
  "MM_12": -0.06465831309315204,
  "CH_01": -0.026049757010468053,
  "CH_02": -0.0288214908363872,
  "CH_03": -0.052672147950414035,
  "CH_04": -0.013634551190837266,
  "CH_05": -0.05060614817452385,
  "CH_06": -0.07310392083668951,
  "CH_07": -0.06312473474977486,
  "CH_08": -0.04122445286062698,
  "CH_09": -0.06209703282979304,
  "CH_10": -0.06753669991859579,
  "CH_11": -0.04035928840743323,
  "CH_12": -0.017685882185936395,
  "NS_01": -0.009050521309395782,
  "NS_02": -0.0012354128726351223,
  "NS_03": -0.02903155363173417,
  "NS_04": -0.03433436408757006,
  "NS_05": -0.028699534181611686,
  "NS_06": -0.04401836948015134,