{
  "RTJ_01": 0.34746052140720346,
  "RTJ_02": 0.3359455396069367,
  "RTJ_03": 0.38210720831388195,
  "RTJ_04": 0.33720895378249455,
  "RTJ_05": 0.3776170010587449,
  "RTJ_06": 0.33864566537321844,
  "RTJ_07": 0.49224746820669196,
  "RTJ_08": 0.41695475334109683,
  "RTJ_09": 0.21488085133187743,
  "RTJ_10": 0.39456577953525024,
  "RTJ_11": 0.4518826642803805,
  "RTJ_12": 0.31454753517182743,
  "RTJ_13": 0.3381194285233879,
  "RTJ_14": 0.29742917029857097,
  "RTJ_15": 0.33091098825459037,
  "KL_01": 0.2895516174859325,
  "KL_02": 0.4455936072831803,
  "KL_03": 0.37369814882817853,
  "KL_04": 0.4165725923701184,
  "KL_05": 0.4237567238710424,
  "KL_06": 0.30763971258425665,
  "KL_07": 0.4603454286503684,
  "KL_08": 0.5022450122571422,
  "KL_09": 0.3809629501674097,
  "KL_10": 0.44366276794686355,
  "KL_11": 0.3018374192894232,
  "KL_12": 0.339482766561261,
  "KL_13": 0.4966804146376624,
  "KL_14": 0.39767891087765406,
  "KL_15": 0.31954211173174757,
  "JC_01": 0.43941180556943865,
  "JC_02": 0.3077178829806154,
  "JC_03": 0.34845989372372216,
  "JC_04": 0.46372593535546086,
  "JC_05": 0.4331336235170831,
  "JC_06": 0.3570803225571076,
  "JC_07": 0.5138952791309481,
  "JC_08": 0.31517640442633466,
  "JC_09": 0.5225220099691915,
  "JC_10": 0.3822704895019498,
  "JC_11": 0.5235206023702067,
  "JC_12": 0.33286047917387324,
  "JC_13": 0.44852600676397214,
  "JC_14": 0.42478305118910925,
  "JC_15": 0.29951975786302115,
  "GD_01": 0.3397982250535696,
  "GD_02": 0.2823898197357761,
  "GD_03": 0.4331967233301514,
  "GD_04": 0.384291876095642,
  "GD_05": 0.21271201876306817,
  "GD_06": 0.33219735779565257,
  "GD_07": 0.20885170607661244,
  "GD_08": 0.47406132156129827,
  "GD_09": 0.3353336215690933,
  "GD_10": 0.41540417654130096,
  "GD_11": 0.46769058471887226,
  "GD_12": 0.36013201853050797,
  "GD_13": 0.4073768516671091,
  "GD_14": 0.43667037553574195,
  "GD_15": 0.3412275113139202,
  "BD_01": 0.33441627483547826,
  "BD_02": 0.31346110031859464,
  "BD_03": 0.2368859655414094,
  "BD_04": 0.3378557301412534,
  "BD_05": 0.3386957175885297,
  "BD_06": 0.49196052001087226,
  "BD_07": 0.24286167895612026,
  "BD_08": 0.37583366209331337,
  "BD_09": 0.40629206348657126,
  "BD_10": 0.20154049582232533,
  "BD_11": 0.31084616516209984,
  "BD_12": 0.336401698599454,
  "BD_13": 0.2689233784288858,
  "BD_14": 0.39936645599014353,
  "BD_15": 0.2940653320099109,
  "TC_01": 0.49291140839834874,
  "TC_02": 0.36162675773282316,
  "TC_03": 0.4577796479090663,
  "TC_04": 0.4991827054131837,
  "TC_05": 0.315131032184416,
  "TC_06": 0.21481949455496896,
  "TC_07": 0.23709040439803866,
  "TC_08": 0.39989339692562015,
  "TC_09": 0.4942121733978587,
  "TC_10": 0.2897737965797637,
  "TC_11": 0.4078371943725575,
  "TC_12": 0.3523834654337089,
  "TC_13": 0.5792817962340805,
  "TC_14": 0.46285510700219806,
  "TC_15": 0.3681808808978777,
  "TS_01": 0.26577226532570464,
  "TS_02": 0.31405095748533657,
  "TS_03": 0.3266265428748149,
  "TS_04": 0.2686860666833231,
  "TS_05": 0.34060177694496035,
  "TS_06": 0.28881740316284243,
  "TS_07": 0.19259543938235404,
  "TS_08": 0.3572075796985919,
  "TS_09": 0.4466253420990381,
  "TS_10": 0.2899154239385124,
  "TS_11": 0.34289514995393283,
  "TS_12": 0.20806156828857078,
  "TS_13": 0.22129289135633265,
  "TS_14": 0.35138996494792957,
  "TS_15": 0.2825706586062646,
  "TW_01": 0.18734309385055087,
  "TW_02": 0.3356730208781588,
  "TW_03": 0.3297453145252815,
  "TW_04": 0.24055492683090832,
  "TW_05": 0.3801018161105456,
  "TW_06": 0.3478580842782634,
  "TW_07": 0.30631764511567716,
  "TW_08": 0.37578439021692916,
  "TW_09": 0.21213560957016092,
  "TW_10": 0.22978655264103057,
  "TW_11": 0.26263599777140806,
  "TW_12": 0.23224593436487975,
  "TW_14": 0.24052479307698238,
  "TW_15": 0.3201921500963834,
  "DL_01": 0.4177606816725639,
  "DL_02": 0.29510603601251695,
  "DL_03": 0.24429053060769787,
  "DL_04": 0.2971119103993886,
  "DL_05": 0.18741682701942428,
  "DL_06": 0.24903993580240452,
  "DL_07": 0.3652937923825371,
  "DL_08": 0.20971919779425038,
  "DL_09": 0.30608706081277975,
  "DL_10": 0.24501511221299968,
  "DL_11": 0.24563731829931854,
  "DL_12": 0.3395142652772266,
  "DL_13": 0.23641850817269608,
  "DL_14": 0.37779410764279864,
  "DL_15": 0.2550080054729128,
  "DP_01": 0.3590821425155784,
  "DP_02": 0.03501216526748641,
  "DP_03": 0.011439829995829796,
  "DP_05": 0.3789892270965846,
  "DP_06": 0.3032555250651369,
  "DP_07": 0.24143513256621046,
  "DP_08": 0.19671325253854027,
  "DP_09": 0.21475232549564618,
  "DP_10": 0.21772822864022584,
  "DP_11": 0.2126912976459798,
  "DP_12": 0.10162330873463388,
  "DP_13": 0.12907939544111285,
  "DP_14": 0.30395072827695974,
  "DP_15": 0.22687907926659667,
  "DS_01": 0.2253979240601373,
  "DS_02": 0.16555798028936666,
  "DS_03": 0.26696672033437713,
  "DS_04": 0.14884166530010204,
  "DS_05": 0.35881188254636437,
  "DS_06": 0.13612888502742546,
  "DS_07": 0.06742554174004131,
  "DS_08": 0.25823394009579864,
  "DS_09": 0.2998255427822894,
  "DS_11": 0.29751874828081043,
  "DS_12": 0.20603901983934225,
  "DS_13": 0.28911683679512423,
  "DS_14": 0.3043251778912962,
  "DS_15": 0.20684462287262315,
  "CB_01": 0.15246968152253235,
  "CB_02": 0.22088566396933051,
  "CB_03": 0.2955332333710429,
  "CB_04": 0.2967356049290649,
  "CB_05": 0.3359858958129181,
  "CB_07": 0.22483957382854788,
  "CB_08": 0.23640039185445055,
  "CB_09": 0.27210781724783245,
  "CB_10": 0.18845632205250049,
  "CB_11": 0.24365759814318863,
  "CB_12": 0.27656724220346773,
  "DR_01": 0.4008964903649908,
  "DR_02": 0.27216065182533045,
  "DR_03": 0.34729006795583645,
  "DR_04": 0.20605490642640711,
  "DR_05": 0.4559874310829403,
  "DR_06": 0.2435484334642858,
  "DR_07": 0.21692710075747826,
  "DR_08": 0.3966786274994106,
  "DR_09": 0.42541841563037136,
  "DR_10": 0.4557454600894947,
  "DR_11": 0.31433292382935474,
  "DR_12": 0.32033965613008786,
  "EM_01": 0.24073837784790986,
  "EM_02": 0.4626700475942898,
  "EM_03": 0.36231938624107984,
  "EM_04": 0.3285791354735165,
  "EM_05": 0.30696723277865967,
  "EM_06": 0.3620347173733497,
  "EM_07": 0.48287862624194605,
  "EM_08": 0.38017744148160404,
  "EM_09": 0.36874940412009277,
  "EM_10": 0.33267386437565105,
  "EM_11": 0.34300569471076175,
  "EM_12": 0.46210332224912437,
  "TC2_01": 0.3938821715615763,
  "TC2_02": 0.3347724889139166,
  "TC2_03": 0.1265334243351333,
  "TC2_04": 0.39043621455394306,
  "TC2_05": 0.4135242933213927,
  "TC2_06": 0.4317311291450893,
  "TC2_07": 0.4617378060619718,
  "TC2_08": 0.3723824510880098,
  "TC2_09": 0.3619078977018296,
  "TC2_10": 0.38138839021709153,
  "TC2_11": 0.35781946710289325,
  "TC2_12": 0.34052652412729373,
  "MM_01": 0.41261621043639146,
  "MM_02": 0.38149985031042394,
  "MM_03": 0.2587049912889868,
  "MM_04": 0.3528719409405133,
  "MM_05": 0.38092901346907654,
  "MM_06": 0.40323632399299086,
  "MM_07": 0.3631837480755045,
  "MM_08": 0.3920371043924166,
  "MM_09": 0.3035824427218299,
  "MM_10": 0.402364278172652,
  "MM_11": 0.3307353430093772,
  "MM_12": 0.22808171626282275,
  "CH_01": 0.3976280614961925,
  "CH_02": 0.4506712280138053,
  "CH_03": 0.2630364597076598,
  "CH_04": 0.4169339247758784,
  "CH_05": 0.2885744938764496,
  "CH_06": 0.3955638793701235,
  "CH_07": 0.4739756753967245,
  "CH_08": 0.2396305360252365,
  "CH_09": 0.43591385898009166,
  "CH_10": 0.3758868723082519,
  "CH_11": 0.41073423159041345,
  "CH_12": 0.4288087482751076,
  "NS_01": 0.3244377347586415,
  "NS_02": 0.21964724960472,
  "NS_03": 0.2981789531249481,
  "NS_04": 0.350743709457806,
  "NS_05": 0.2922711987122751,
  "NS_06": 0.24610960316525352,
  "NS_07": 0.43391192498581266,
  "NS_08": 0.3216680325941544,
  "NS_09": 0.38600081538262093,
  "NS_10": 0.21592519977542443,
  "NS_11": 0.27721134354308336,
  "NS_12": 0.39426938338797846,
  "CG_01": 0.35934341437632905,
  "CG_02": 0.4301272719835006,
  "CG_03": 0.38700752710395214,
  "CG_04": 0.35505780069232207,
  "CG_05": 0.3981354925332371,
  "CG_06": 0.5386687501501175,
  "CG_07": 0.4233615661602837,